ML TD Type,Weighted Average
MCM,0.27753783542857136
MDepend,0.16632658563492062
UMC,0.16463365515584413
HP Conf,0.12776203157142854
Proto,0.12411718017142855
Data Conf,0.12375397312422357
DS Configuration,0.11787688788571424
CDT,0.11305337919999996
UMC ,0.1096385783571428
MCR,0.10742341308571426
MLKnow,0.09890294036974788
Layer Conf,0.0940182863928571
MCC,0.09342631685714281
Weight Conf,0.07018574066666664
MLInter,0.0558520751428571
